]633;E;for srx in "${!srx_to_srr[@]}";62f241a6-1ce9-41fd-a6d5-e21f056716d6]633;CSRX29018188	SRR33796523
GSM9022823	MCF7_ChIP-seq input_10 pM E2 30 min_set 1	SRX29018183
GSM9022824	MCF7_ChIP-seq input_10 pM E2 30 min_set 2	SRX29018184
GSM9022825	MCF7_ChIP-seq input_10 pM E2 30 min_set 3	SRX29018185
GSM9022826	MCF7_ER-ChIP-seq_10 pM E2 30 min_set 1	SRX29018186
GSM9022827	MCF7_ER-ChIP-seq_10 pM E2 30 min_set 2	SRX29018187
GSM9022828	MCF7_ER-ChIP-seq_10 pM E2 30 min_set 3	SRX29018188
GSM9022829	MCF7_ChIP-seq input_100 pM E2 30 min_set 1	SRX29018189
GSM9022830	MCF7_ChIP-seq input_100 pM E2 30 min_set 2	SRX29018190
GSM9022831	MCF7_ChIP-seq input_100 pM E2 30 min_set 3	SRX29018191
GSM9022832	MCF7_ER-ChIP-seq_100 pM E2 30 min_set 1	SRX29018192
GSM9022833	MCF7_ER-ChIP-seq_100 pM E2 30 min_set 2	SRX29018165
GSM9022834	MCF7_ER-ChIP-seq_100 pM E2 30 min_set 3	SRX29018166
GSM9022835	MCF7_ChIP-seq input_1 nM E2 30 min_set 1	SRX29018167
GSM9022836	MCF7_ChIP-seq input_1 nM E2 30 min_set 2	SRX29018168
GSM9022837	MCF7_ChIP-seq input_1 nM E2 30 min_set 3	SRX29018169
GSM9022838	MCF7_ER-ChIP-seq_1 nM E2 30 min_set 1	SRX29018170
GSM9022839	MCF7_ER-ChIP-seq_1 nM E2 30 min_set 2	SRX29018171
GSM9022840	MCF7_ER-ChIP-seq_1 nM E2 30 min_set 3	SRX29018172
GSM9022841	MCF7_ChIP-seq input_10 nM E2 30 min_set 1	SRX29018173
GSM9022842	MCF7_ChIP-seq input_10 nM E2 30 min_set 2	SRX29018174
GSM9022843	MCF7_ChIP-seq input_10 nM E2 30 min_set 3	SRX29018175
GSM9022844	MCF7_ER-ChIP-seq_10 nM E2 30 min_set 1	SRX29018176
GSM9022845	MCF7_ER-ChIP-seq_10 nM E2 30 min_set 2	SRX29018179
GSM9022846	MCF7_ER-ChIP-seq_10 nM E2 30 min_set 3	SRX29018177
SRX29018165	SRR33796552
SRX29018166	SRR33796526
SRX29018183	SRR33796535
SRX29018184	SRR33796529
SRX29018185	SRR33796536
SRX29018186	SRR33796528
SRX29018187	SRR33796527
SRX29018188	SRR33796523
SRX29018189	SRR33796522
SRX29018190	SRR33796524
SRX29018191	SRR33796521
SRX29018192	SRR33796525
SRX29018170	SRR33796545
SRX29018171	SRR33796547
SRX29018167	SRR33796551
SRX29018168	SRR33796550
SRX29018170	SRR33796545
SRX29018171	SRR33796547
SRX29018167	SRR33796551
SRX29018168	SRR33796550
