symbol	entrez_id
AARSD1	80755
ABHD8	79575
ACD	65057
ACSL3	2181
ACTMAP	284325
ACTRT3	84517
AFDN	4301
AJM1	389813
AKAP10	11216
AKAP13	11214
ALOX15	246
AMIGO2	347902
ANKMY2	57037
ANKRD13D	338692
ANO9	338440
ANP32E	81611
AP2S1	1175
AP3M1	26985
AREL1	9870
ARHGEF6	9459
ARRDC2	27106
ARVCF	421
ASAP3	55616
ASB13	79754
ATAD3A	55210
ATOH8	84913
ATP5MC1	516
AXIN1	8312
BANF1P1	317687
BCL2L12	83596
BMP4	652
BOLA3	388962
BTBD19	149478
BUB3	9184
BUD13	84811
BZW2	28969
C2CD2L	9854
C2CD4A	145741
C5AR2	27202
CABLES2	81928
CADPS2	93664
CAP2	10486
CARD19	84270
CASC3	22794
CASKIN2	57513
CASTOR3P	352954
CBARP	255057
CCAR2	57805
CCDC51	79714
CCDC85C	317762
CCDC88B	283234
CCDC9	26093
CCN2	1490
CCND3	896
CDC25B	994
CDH24	64403
CDK11A	728642
CDK18	5129
CEBPG	1054
CENPB	1059
CERK	64781
CFAP144	440585
CFAP46	54777
CFAP90	134121
CFL1	1072
CIB1	10519
CISH	1154
CLEC11A	6320
CLPTM1L	81037
CMAHP	8418
CMYA5	202333
CNNM4	26504
CNOT8	9337
CNTD1	124817
COA3	28958
COX6C	1345
CPPED1	55313
CPT1A	1374
CRB3	92359
CRIP1	1396
CRIP2	1397
CSK	1445
CUTA	51596
CUX1	1523
CYSRT1	375791
DAG1	1605
DDA1	79016
DDX25	29118
DNAJC1	64215
DNASE1L2	1775
DNASE2	1777
DNM1P38	100216517
DUSP4	1846
DYNLT4	343521
DYSF	8291
E2F3	1871
E4F1	1877
ECEL1P2	347694
EDN1	1906
EDN2	1907
EEFSEC	60678
EHMT1	79813
EIF4EBP1	1978
ENKD1	84080
EPHB4	2050
EPS15L1	58513
FAAP100	80233
FAXDC2	10826
FBXO28	23219
FCF1	51077
FGFR2	2263
FKBP10	60681
FLACC1	130540
FPASL	128266845
FTSJ3	117246
FZD6	8323
GATAD2B	57459
GCLC	2729
GDPGP1	390637
GIPC1	10755
GPI	2821
GPR87	53836
GRK2	156
GSTM3	2947
H1-3	3007
H2AC15	8330
H2AC9P	387323
H2BC15	8341
H2BC18	440689
H3C13	653604
H4C8	8365
HABP4	22927
HACD1	9200
HEBP2	23593
HECTD1	25831
HHAT	55733
HNRNPR	10236
HOXA10	3206
HOXA10-HOXA9	100534589
HOXA11	3207
HOXA3	3200
HOXA4	3201
HOXA5	3202
HOXA6	3203
HOXA7	3204
HOXA9	3205
HSD11B2	3291
IGFBP2	3485
IGFBP3	3486
IL17REL	400935
INAVA	55765
IRF2BP2	359948
IRF3	3661
JUP	3728
KAZALD1	81621
KCNN1	3780
KIF3C	3797
KILH	101927136
KLF1	10661
KPNA2	3838
KRT18P55	284085
KRT7	3855
KRT86	3892
KRT8P41	283102
KRTCAP2	200185
LAMA5	3911
LDHD	197257
LGI1	9211
LIN54	132660
LNCATV	101927851
LOXL1	4016
LOXL4	84171
LPIN3	64900
LRATD2	157638
LRR1	122769
LRRC26	389816
LRRC28	123355
LTC4S	4056
LY6E	4061
LYPLA1	10434
MACO1	55219
MACROD1	28992
MACROH2A2	55506
MAMDC4	158056
MAP2K3	5606
MAP6D1	79929
MAPKAPK3	7867
MAPT	4137
MARCHF10	162333
MARCKSL1P2	100913182
MED13	9969
METRNL	284207
MGAT1	4245
MGAT4B	11282
MGST1	4257
MIDEAS	91748
MINDY1	55793
MPRIP	23164
MRPL16	54948
MRPL24	79590
MRTFB	57496
MST1P2	11209
MT2A	4502
MTRR	4552
MUS81	80198
MYDGF	56005
MYL12B	103910
MYL6	4637
MYLK4	340156
MYNN	55892
NADK	65220
NBPF12	149013
NDUFB10	4716
NECTIN2	5819
NINJ1	4814
NPB	256933
NPTN	27020
NR2F2	7026
NRP1	8829
NUCKS1	64710
NUP50P2	266785
OGA	10724
OSGIN2	734
P3H4	10609
P3R3URF	110117498
P3R3URF-PIK3R3	110117499
P4HTM	54681
PADI3	51702
PAK4	10298
PAN3	255967
PARAIL	101929709
PARD6A	50855
PCAT1	100750225
PCED1B	91523
PCYT2	5833
PDE10A	10846
PHF1	5252
PHPT1	29085
PIF1	80119
PIM3	415116
PIP5KL1	138429
PKP1	5317
PLEKHO2	80301
PLK5	126520
PLXNB1	5364
PNRC2	55629
POFUT2	23275
POLR3E	55718
PPARD	5467
PPP1R3D	5509
PPP3R1	5534
PPP4R3A	55671
PPP6R3	55291
PRCC	5546
PRKCZ	5590
PRR14	78994
PRRG2	5639
PRSS27	83886
PRUNE1	58497
PSAPL1	768239
PSG9	5678
PSMB4	5692
PSMC5	5705
PTBP1	5725
PTGER1	5731
PTPRJ	5795
PTTG1IP	754
PUM2	23369
PUS3	83480
RAB19	401409
RAB31	11031
RAB36	9609
RAB5IF	55969
RAB8A	4218
RAI14	26064
RAPGEF3	10411
RAVER1	125950
RBBP8NL	140893
RBM43	375287
RFESD	317671
RGS16	6004
RHCE	6006
RHOQP1	319093
RHPN1	114822
RHPN2	85415
RN7SL674P	106479468
RN7SL750P	106481126
RN7SL838P	106479527
RNA5SP130	106478995
RNASET2	8635
RNF144B	255488
RNF19A	25897
RNF19B	127544
RNF224	643596
RNH1	6050
RNU2-17P	106480204
RNU6-925P	106479975
RNVU1-14	101954266
ROBO3	64221
RORC	6097
RPL7AP22	100271039
RPLP1	6176
RPS15AP11	644790
RPS17	6218
RPS27	6232
RPS29	6235
RSPH14	27156
RTL6	84247
RUVBL1	8607
RXRA	6256
S100A2	6273
S100A5	6276
S100A9	6280
SALRNA1	104548971
SAMD1	90378
SCDAL	137805493
SCUBE2	57758
SCUBE3	222663
SDCBP	6386
SEC22A	26984
SH3GL3	6457
SH3PXD2B	285590
SHANK1	50944
SIX1	6495
SLC12A9	56996
SLC25A1	6576
SLC25A23	79085
SLC34A3	142680
SLC37A3	84255
SLC37A4	2542
SLC38A1	81539
SMURF1	57154
SNORA10	574042
SNORA64	26784
SNORA78	677844
SNORD38A	94162
SNORD38B	94163
SNORD46	94161
SNORD55	26811
SNORD77B	109616982
SNRPA	6626
SOS1	6654
SOX12	6666
SP1	6667
SP7	121340
SPAG4	6676
SPATC1L	84221
SPDEF	25803
SPEF1	25876
SPIN1	10927
SQSTM1	8878
SRGAP1	57522
SRI	6717
SSH3	54961
STC2	8614
STK10	6793
STK24	8428
STK38	11329
STOML2	30968
STT3B	201595
SUFU	51684
SUSD6	9766
SYNGAP1	8831
TAF8	129685
TANC2	26115
TANGO2	128989
TBC1D14	57533
TCF7L1	83439
TEDC1	283643
TESK2	10420
TFAP2A	7020
TGFBR2	7048
TINAGL1	64129
TLE6	79816
TLR5	7100
TMA7	51372
TMEM120A	83862
TMEM210	100505993
TMEM265	100862671
TMEM97	27346
TMT1AP1	100996686
TNFAIP8	25816
TNRC18	84629
TOP2A	7153
TOR1B	27348
TP53I11	9537
TPM1	7168
TRAF5	7188
TRIM46	80128
TSEN54	283989
TSFM	10102
TSKU	25987
TSPAN1	10103
TTC23	64927
TYK2	7297
UBE2D3P5	107986530
UFSP1	402682
UIMC1	51720
UNC93B1	81622
USP19	10869
USP6NL	9712
VPS26C	10311
VPS45	11311
WDR27	253769
WDR90	197335
WIPI1	55062
WNK4	65266
WWP1	11059
ZC3HC1	51530
ZCCHC2	54877
ZMYND19	116225
ZNF101	94039
ZNF195	7748
ZNF318	24149
ZNF346	23567
ZNF710	374655
ZNF799	90576
ZSWIM4	65249
ZSWIM6	57688
